K,accuracy,macro_f1,pos_f1
0,0.7582781456953642,0.6273684566367493,0.4065040650406504
1,0.7758278145695364,0.6490767956678267,0.43817427385892116
2,0.7778145695364238,0.665297909833825,0.47123719464145
3,0.7774834437086092,0.67355468679626,0.48936170212765956
4,0.7731788079470199,0.6737843709488165,0.49371766444937176
5,0.7778145695364238,0.6742190071012288,0.4905087319665907
6,0.7745033112582781,0.6822904525393731,0.511127063890883
7,0.7764900662251656,0.6708316115977722,0.48433919022154315
8,0.7748344370860927,0.6793502564448475,0.5043731778425656
